{"assets/Hack_Club_Assemble_LTNJ_00622_Large_ysbchr.jpg":["assets/Hack_Club_Assemble_LTNJ_00622_Large_ysbchr.jpg"],"assets/ScrapyardSearchAssets/female_widget.png":["assets/ScrapyardSearchAssets/female_widget.png"],"assets/ScrapyardSearchAssets/male_widget.png":["assets/ScrapyardSearchAssets/male_widget.png"],"assets/ScrapyardSearchAssets/searchbar.png":["assets/ScrapyardSearchAssets/searchbar.png"],"assets/female2.png":["assets/female2.png"],"assets/greenTick.jpg":["assets/greenTick.jpg"],"assets/images/flutter_logo.png":["assets/images/flutter_logo.png","assets/images/2.0x/flutter_logo.png","assets/images/3.0x/flutter_logo.png"],"assets/male2.png":["assets/male2.png"],"assets/nfcExampleGreyScale.jpg":["assets/nfcExampleGreyScale.jpg"]}